csa walk score,poverty rate %,median home value,walked to work %,avg distance to public transit,car drove to work %,unemployment rate %
1.0,-0.5158634539633472,0.46456780796984165,0.44882537299937686,-0.4095661846496107,-0.3936359688018969,-0.3725644894875264
-0.5158634539633472,1.0,-0.6547540984338241,-0.5123718743717165,0.24357126397751483,0.7188510188750107,0.6279251325989749
0.46456780796984165,-0.6547540984338241,1.0,0.29405230982708175,-0.10012237240729345,-0.8022699504434212,-0.3337417805434881
0.44882537299937686,-0.5123718743717165,0.29405230982708175,1.0,-0.46775845324997095,-0.5215553473335087,-0.3891861858166188
-0.4095661846496107,0.24357126397751483,-0.10012237240729345,-0.46775845324997095,1.0,0.19270138438803996,0.21957476786294144
-0.3936359688018969,0.7188510188750107,-0.8022699504434212,-0.5215553473335087,0.19270138438803996,1.0,0.27163389477417876
-0.3725644894875264,0.6279251325989749,-0.3337417805434881,-0.3891861858166188,0.21957476786294144,0.27163389477417876,1.0
